phi,T (K),N2,AR,O,O2,H2,H,OH,H2O2,H2O,HO2,HCO,CH2,CO,CH2O,CO2,CH3,CH4,C2H4,CH3OH,C2H5,C2H6,CH3O,HOCHO,CH3O2,CH3O2H,C2H2,CH2CO,C3H4XA,C3H4XP,C3H5XA,C2H3,CH3CHO,C2H5O2,C3H3,C3H6,C2H3CHO,CH3COCH2,NXC3H7,C3H8,CH3COCH3,IXC3H7O2,NXC3H7O2,C4H6,C4H8X1,IXC4H7,IXC4H8,IXC3H5CHO,IXC3H6CO,IXC4H10,C4H10,IXC3H5CO,IXC4H7OH,IXC4H9O2,TXC4H9O2,PXC4H9O2,C5H9,IXC5H9,AXC5H10,C5H10X1,C6H11,C6H12X1,YXC7H14,NXC7H16,IXC8H18,CH,CH2GSG,CH2OH,HOCH2O,C2H,HCCO,CH2CHO,C2H5O,C2H3O1X2,CH3CO,C3H2,C3H5O,C3H5XT,IXC3H7,C2H3CO,CH2CCH2OH,C4H7,C4H7O,IXC4H7O,IXC4H9,PXC4H9,TXC4H9,TXC4H9O,IXC4H6OH,C4H8OOH1X3,IC4H8O2HXT,TC4H8O2HXI,NEOXC5H11,C5H11X1,C6H13X1,XXC7H13,XC7H13OXZ,C7H15X2,YXC7H15,CXC8H17,N,NH,NH2,NH3,NNH,NO,NO2,N2O,HNO,CN,HCN,H2CN,HCNN,HCNO,HOCN,HNCO,NCO,C,N2,AR,O,O2,H2,H,OH,H2O2,H2O,HO2,HCO,CH2,CO,CH2O,CO2,CH3,CH4,C2H4,CH3OH,C2H5,C2H6,CH3O,HOCHO,CH3O2,CH3O2H,C2H2,CH2CO,C3H4XA,C3H4XP,C3H5XA,C2H3,CH3CHO,C2H5O2,C3H3,C3H6,C2H3CHO,CH3COCH2,NXC3H7,C3H8,CH3COCH3,IXC3H7O2,NXC3H7O2,C4H6,C4H8X1,IXC4H7,IXC4H8,IXC3H5CHO,IXC3H6CO,IXC4H10,C4H10,IXC3H5CO,IXC4H7OH,IXC4H9O2,TXC4H9O2,PXC4H9O2,C5H9,IXC5H9,AXC5H10,C5H10X1,C6H11,C6H12X1,YXC7H14,NXC7H16,IXC8H18,CH,CH2GSG,CH2OH,HOCH2O,C2H,HCCO,CH2CHO,C2H5O,C2H3O1X2,CH3CO,C3H2,C3H5O,C3H5XT,IXC3H7,C2H3CO,CH2CCH2OH,C4H7,C4H7O,IXC4H7O,IXC4H9,PXC4H9,TXC4H9,TXC4H9O,IXC4H6OH,C4H8OOH1X3,IC4H8O2HXT,TC4H8O2HXI,NEOXC5H11,C5H11X1,C6H13X1,XXC7H13,XC7H13OXZ,C7H15X2,YXC7H15,CXC8H17,N,NH,NH2,NH3,NNH,NO,NO2,N2O,HNO,CN,HCN,H2CN,HCNN,HCNO,HOCN,HNCO,NCO,C
0.5,1643.189058668363,0.6517295886150904,0.0,6.6532766873552e-06,0.08601206199844745,6.0946593204678935e-06,1.990419198953308e-07,0.0002381558724237934,2.3314401405750935e-08,0.17338865120933714,2.7690369059202917e-07,0.0,0.0,0.0,0.0,0.0,0.0,0.0,0.0,0.0,0.0,0.0,0.0,0.0,0.0,0.0,0.0,0.0,0.0,0.0,0.0,0.0,0.0,0.0,0.0,0.0,0.0,0.0,0.0,0.0,0.0,0.0,0.0,0.0,0.0,0.0,0.0,0.0,0.0,0.0,0.0,0.0,0.0,0.0,0.0,0.0,0.0,0.0,0.0,0.0,0.0,0.0,0.0,0.0,0.0,0.0,0.0,0.0,0.0,0.0,0.0,0.0,0.0,0.0,0.0,0.0,0.0,0.0,0.0,0.0,0.0,0.0,0.0,0.0,0.0,0.0,0.0,0.0,0.0,0.0,0.0,0.0,0.0,0.0,0.0,0.0,0.0,0.0,0.0,0.0,1.3352674493132456e-12,1.0062900473654461e-13,4.492670665773094e-14,5.757311074262263e-13,2.5977025347431766e-13,0.0013632733732766098,3.3174338162087606e-06,7.720014955129807e-08,8.094193154647835e-10,0.0,0.0,0.0,0.0,0.0,0.0,0.0,0.0,0.0,0.0003644340170066701,0.0,3.7203778864505645e-09,4.809620709673767e-05,3.408010342394486e-09,1.1130021973424122e-10,1.3317195164568483e-07,1.3036942171776166e-11,9.695543023890223e-05,1.5483894862108052e-10,0.0,0.0,0.0,0.0,0.0,0.0,0.0,0.0,0.0,0.0,0.0,0.0,0.0,0.0,0.0,0.0,0.0,0.0,0.0,0.0,0.0,0.0,0.0,0.0,0.0,0.0,0.0,0.0,0.0,0.0,0.0,0.0,0.0,0.0,0.0,0.0,0.0,0.0,0.0,0.0,0.0,0.0,0.0,0.0,0.0,0.0,0.0,0.0,0.0,0.0,0.0,0.0,0.0,0.0,0.0,0.0,0.0,0.0,0.0,0.0,0.0,0.0,0.0,0.0,0.0,0.0,0.0,0.0,0.0,0.0,0.0,0.0,0.0,0.0,0.0,0.0,0.0,0.0,0.0,0.0,0.0,0.0,0.0,0.0,0.0,0.0,0.0,0.0,0.0,7.466545770303544e-16,5.626970612361481e-17,2.5122106567096947e-17,3.219372019619323e-16,1.452582767853659e-16,7.623149238276398e-07,1.8550419574528033e-09,4.316876371116121e-11,4.5261092595742663e-13,0.0,0.0,0.0,0.0,0.0,0.0,0.0,0.0,0.0
0.55,1743.679013541336,0.640263341633679,0.0,1.8202296267878163e-05,0.07568527341557604,2.0146125010282602e-05,9.339908192405647e-07,0.00047607377131152,3.7841637841295645e-08,0.18732539185070174,4.671077904025493e-07,0.0,0.0,0.0,0.0,0.0,0.0,0.0,0.0,0.0,0.0,0.0,0.0,0.0,0.0,0.0,0.0,0.0,0.0,0.0,0.0,0.0,0.0,0.0,0.0,0.0,0.0,0.0,0.0,0.0,0.0,0.0,0.0,0.0,0.0,0.0,0.0,0.0,0.0,0.0,0.0,0.0,0.0,0.0,0.0,0.0,0.0,0.0,0.0,0.0,0.0,0.0,0.0,0.0,0.0,0.0,0.0,0.0,0.0,0.0,0.0,0.0,0.0,0.0,0.0,0.0,0.0,0.0,0.0,0.0,0.0,0.0,0.0,0.0,0.0,0.0,0.0,0.0,0.0,0.0,0.0,0.0,0.0,0.0,0.0,0.0,0.0,0.0,0.0,0.0,9.947230936513644e-12,8.169704007990447e-13,3.250034717468743e-13,2.7314672782788227e-12,1.3250104513953195e-12,0.0018643280109746248,3.365939527626525e-06,1.0305114600837112e-07,2.1295194184999396e-09,0.0,0.0,0.0,0.0,0.0,0.0,0.0,0.0,0.0,0.00044029026627873086,0.0,1.2517183711031308e-08,5.204653619633017e-05,1.3853897558195653e-08,6.422780124440737e-10,3.273819285111851e-07,2.6022581207071898e-11,0.00012881816167745595,3.212162871802533e-10,0.0,0.0,0.0,0.0,0.0,0.0,0.0,0.0,0.0,0.0,0.0,0.0,0.0,0.0,0.0,0.0,0.0,0.0,0.0,0.0,0.0,0.0,0.0,0.0,0.0,0.0,0.0,0.0,0.0,0.0,0.0,0.0,0.0,0.0,0.0,0.0,0.0,0.0,0.0,0.0,0.0,0.0,0.0,0.0,0.0,0.0,0.0,0.0,0.0,0.0,0.0,0.0,0.0,0.0,0.0,0.0,0.0,0.0,0.0,0.0,0.0,0.0,0.0,0.0,0.0,0.0,0.0,0.0,0.0,0.0,0.0,0.0,0.0,0.0,0.0,0.0,0.0,0.0,0.0,0.0,0.0,0.0,0.0,0.0,0.0,0.0,0.0,0.0,0.0,6.840418110766904e-15,5.618065129139427e-16,2.234953273318745e-16,1.878349699377948e-15,9.111707113720197e-16,1.2820435327258201e-06,2.3146576018474347e-09,7.086524179345652e-11,1.4644078629156912e-12,0.0,0.0,0.0,0.0,0.0,0.0,0.0,0.0,0.0
0.6000000000000001,1839.2487903806339,0.6295456281284283,0.0,4.213538970640014e-05,0.06569631239060841,5.6822288635075434e-05,3.5151574680055245e-06,0.0008520253724381244,5.650172638395891e-08,0.20081584460266888,7.12265257693016e-07,0.0,0.0,0.0,0.0,0.0,0.0,0.0,0.0,0.0,0.0,0.0,0.0,0.0,0.0,0.0,0.0,0.0,0.0,0.0,0.0,0.0,0.0,0.0,0.0,0.0,0.0,0.0,0.0,0.0,0.0,0.0,0.0,0.0,0.0,0.0,0.0,0.0,0.0,0.0,0.0,0.0,0.0,0.0,0.0,0.0,0.0,0.0,0.0,0.0,0.0,0.0,0.0,0.0,0.0,0.0,0.0,0.0,0.0,0.0,0.0,0.0,0.0,0.0,0.0,0.0,0.0,0.0,0.0,0.0,0.0,0.0,0.0,0.0,0.0,0.0,0.0,0.0,0.0,0.0,0.0,0.0,0.0,0.0,0.0,0.0,0.0,0.0,0.0,0.0,5.479376292467201e-11,4.888667881169163e-12,1.7824654976970345e-12,1.0585557534779502e-11,5.33998050315028e-12,0.002390522516538633,3.2978706419941074e-06,1.2963601284772622e-07,4.820838853361391e-09,0.0,0.0,0.0,0.0,0.0,0.0,0.0,0.0,0.0,0.00012956644891467067,0.0,8.671862012803026e-09,1.3520922905212604e-05,1.1694564823739971e-08,7.234526778611796e-10,1.753548860631117e-07,1.1628590078382791e-11,4.132980154007369e-05,1.465909316199107e-10,0.0,0.0,0.0,0.0,0.0,0.0,0.0,0.0,0.0,0.0,0.0,0.0,0.0,0.0,0.0,0.0,0.0,0.0,0.0,0.0,0.0,0.0,0.0,0.0,0.0,0.0,0.0,0.0,0.0,0.0,0.0,0.0,0.0,0.0,0.0,0.0,0.0,0.0,0.0,0.0,0.0,0.0,0.0,0.0,0.0,0.0,0.0,0.0,0.0,0.0,0.0,0.0,0.0,0.0,0.0,0.0,0.0,0.0,0.0,0.0,0.0,0.0,0.0,0.0,0.0,0.0,0.0,0.0,0.0,0.0,0.0,0.0,0.0,0.0,0.0,0.0,0.0,0.0,0.0,0.0,0.0,0.0,0.0,0.0,0.0,0.0,0.0,0.0,0.0,1.1277075032525147e-14,1.0061341211479313e-15,3.6684827044248707e-16,2.1786079328871375e-15,1.0990185304228246e-15,4.919921601858076e-07,6.787329924494459e-10,2.668031844823482e-11,9.921742652323155e-13,0.0,0.0,0.0,0.0,0.0,0.0,0.0,0.0,0.0
0.6500000000000001,1929.9075855508363,0.6190077251797906,0.0,8.486518629035521e-05,0.055985672731771456,0.00014126314328264883,1.1074682657659663e-05,0.0013908758166943885,7.848508082432192e-08,0.2136774003216063,9.949759381963062e-07,0.0,0.0,0.0,0.0,0.0,0.0,0.0,0.0,0.0,0.0,0.0,0.0,0.0,0.0,0.0,0.0,0.0,0.0,0.0,0.0,0.0,0.0,0.0,0.0,0.0,0.0,0.0,0.0,0.0,0.0,0.0,0.0,0.0,0.0,0.0,0.0,0.0,0.0,0.0,0.0,0.0,0.0,0.0,0.0,0.0,0.0,0.0,0.0,0.0,0.0,0.0,0.0,0.0,0.0,0.0,0.0,0.0,0.0,0.0,0.0,0.0,0.0,0.0,0.0,0.0,0.0,0.0,0.0,0.0,0.0,0.0,0.0,0.0,0.0,0.0,0.0,0.0,0.0,0.0,0.0,0.0,0.0,0.0,0.0,0.0,0.0,0.0,0.0,0.0,2.3630761301191215e-10,2.2878231604322206e-11,7.832419612166721e-12,3.495522069076927e-11,1.7801989508720184e-11,0.0028980726041580272,3.117782429841871e-06,1.5477885902345943e-07,9.638932799106697e-09,0.0,0.0,0.0,0.0,0.0,0.0,0.0,0.0,0.0,3.557958180716203e-06,0.0,4.877916244614545e-10,3.217967631033454e-07,8.11958132073359e-10,6.365551859501317e-11,7.994533491368976e-09,4.5111979063218394e-13,1.2281837909004975e-06,5.718963810818264e-12,0.0,0.0,0.0,0.0,0.0,0.0,0.0,0.0,0.0,0.0,0.0,0.0,0.0,0.0,0.0,0.0,0.0,0.0,0.0,0.0,0.0,0.0,0.0,0.0,0.0,0.0,0.0,0.0,0.0,0.0,0.0,0.0,0.0,0.0,0.0,0.0,0.0,0.0,0.0,0.0,0.0,0.0,0.0,0.0,0.0,0.0,0.0,0.0,0.0,0.0,0.0,0.0,0.0,0.0,0.0,0.0,0.0,0.0,0.0,0.0,0.0,0.0,0.0,0.0,0.0,0.0,0.0,0.0,0.0,0.0,0.0,0.0,0.0,0.0,0.0,0.0,0.0,0.0,0.0,0.0,0.0,0.0,0.0,0.0,0.0,0.0,0.0,0.0,0.0,1.358258662501029e-15,1.3150044496327023e-16,4.5019505089035703e-17,2.0091706186579713e-16,1.023230108915369e-16,1.665766146500715e-08,1.7920518679670182e-11,8.896443214888546e-13,5.5403056231589665e-14,0.0,0.0,0.0,0.0,0.0,0.0,0.0,0.0,0.0
0.7000000000000002,2015.5725172132509,0.608716201421333,0.0,0.00015171086018182174,0.04659267239673528,0.00031762599155797254,3.017865379062579e-05,0.0020996321510162487,1.0220785449805589e-07,0.2258888245424184,1.284309927289316e-06,0.0,0.0,0.0,0.0,0.0,0.0,0.0,0.0,0.0,0.0,0.0,0.0,0.0,0.0,0.0,0.0,0.0,0.0,0.0,0.0,0.0,0.0,0.0,0.0,0.0,0.0,0.0,0.0,0.0,0.0,0.0,0.0,0.0,0.0,0.0,0.0,0.0,0.0,0.0,0.0,0.0,0.0,0.0,0.0,0.0,0.0,0.0,0.0,0.0,0.0,0.0,0.0,0.0,0.0,0.0,0.0,0.0,0.0,0.0,0.0,0.0,0.0,0.0,0.0,0.0,0.0,0.0,0.0,0.0,0.0,0.0,0.0,0.0,0.0,0.0,0.0,0.0,0.0,0.0,0.0,0.0,0.0,0.0,0.0,0.0,0.0,0.0,0.0,0.0,8.325651647847329e-10,8.75642259299578e-11,2.8768965313171396e-11,1.0170489310715036e-10,5.083571623584447e-11,0.0033402873055554134,2.837312610379597e-06,1.7620833641680695e-07,1.735052435389197e-08,0.0,0.0,0.0,0.0,0.0,0.0,0.0,0.0,0.0,1.6569072248613947e-06,0.0,4.1295240661851966e-10,1.268238554178571e-07,8.64568412974924e-10,8.21453895680928e-11,5.715135678069729e-09,2.782067113699064e-13,6.1486259857173e-07,3.49585306340485e-12,0.0,0.0,0.0,0.0,0.0,0.0,0.0,0.0,0.0,0.0,0.0,0.0,0.0,0.0,0.0,0.0,0.0,0.0,0.0,0.0,0.0,0.0,0.0,0.0,0.0,0.0,0.0,0.0,0.0,0.0,0.0,0.0,0.0,0.0,0.0,0.0,0.0,0.0,0.0,0.0,0.0,0.0,0.0,0.0,0.0,0.0,0.0,0.0,0.0,0.0,0.0,0.0,0.0,0.0,0.0,0.0,0.0,0.0,0.0,0.0,0.0,0.0,0.0,0.0,0.0,0.0,0.0,0.0,0.0,0.0,0.0,0.0,0.0,0.0,0.0,0.0,0.0,0.0,0.0,0.0,0.0,0.0,0.0,0.0,0.0,0.0,0.0,0.0,0.0,2.2662173825429334e-15,2.3834719405140317e-16,7.83082598553571e-17,2.7683766556421945e-16,1.3837329335953522e-16,9.092161760689002e-09,7.723079741169037e-12,4.796338014454134e-13,4.7227606378643364e-14,0.0,0.0,0.0,0.0,0.0,0.0,0.0,0.0,0.0
0.7500000000000002,2096.0384202070704,0.5988031106181188,0.0,0.00024382637075715845,0.03758443322863894,0.0006595373252170105,7.293024020034985e-05,0.002958189420092271,1.25261664923974e-07,0.23744060590471466,1.5373791952341685e-06,0.0,0.0,0.0,0.0,0.0,0.0,0.0,0.0,0.0,0.0,0.0,0.0,0.0,0.0,0.0,0.0,0.0,0.0,0.0,0.0,0.0,0.0,0.0,0.0,0.0,0.0,0.0,0.0,0.0,0.0,0.0,0.0,0.0,0.0,0.0,0.0,0.0,0.0,0.0,0.0,0.0,0.0,0.0,0.0,0.0,0.0,0.0,0.0,0.0,0.0,0.0,0.0,0.0,0.0,0.0,0.0,0.0,0.0,0.0,0.0,0.0,0.0,0.0,0.0,0.0,0.0,0.0,0.0,0.0,0.0,0.0,0.0,0.0,0.0,0.0,0.0,0.0,0.0,0.0,0.0,0.0,0.0,0.0,0.0,0.0,0.0,0.0,0.0,0.0,2.4724946175654452e-09,2.835161664343213e-10,9.129191326793651e-11,2.6797759715921336e-10,1.2770131469814212e-10,0.0036688372417968858,2.4722039313518365e-06,1.9159435153331054e-07,2.8489206420257737e-08,0.0,0.0,0.0,0.0,0.0,0.0,0.0,0.0,0.0,5.015916766045266e-09,0.0,2.0424289042711713e-12,3.148286731190197e-10,5.5246612262894e-12,6.109053344736554e-13,2.477948368400058e-11,1.0492632287633458e-15,1.9889380916568353e-09,1.2877965969908309e-14,0.0,0.0,0.0,0.0,0.0,0.0,0.0,0.0,0.0,0.0,0.0,0.0,0.0,0.0,0.0,0.0,0.0,0.0,0.0,0.0,0.0,0.0,0.0,0.0,0.0,0.0,0.0,0.0,0.0,0.0,0.0,0.0,0.0,0.0,0.0,0.0,0.0,0.0,0.0,0.0,0.0,0.0,0.0,0.0,0.0,0.0,0.0,0.0,0.0,0.0,0.0,0.0,0.0,0.0,0.0,0.0,0.0,0.0,0.0,0.0,0.0,0.0,0.0,0.0,0.0,0.0,0.0,0.0,0.0,0.0,0.0,0.0,0.0,0.0,0.0,0.0,0.0,0.0,0.0,0.0,0.0,0.0,0.0,0.0,0.0,0.0,0.0,0.0,0.0,2.0711026690419175e-17,2.374893295407201e-18,7.647131924490994e-19,2.24473336676617e-18,1.0696991282913588e-18,3.073227561253535e-11,2.0708591736714024e-14,1.6049036872109042e-15,2.386418600740164e-16,0.0,0.0,0.0,0.0,0.0,0.0,0.0,0.0,0.0
0.8000000000000003,2170.905651349707,0.589276444531861,0.0,0.0003544181371646137,0.029054677891981608,0.0012870506556002046,0.00015929193004387881,0.003908888748985463,1.4439979216772987e-07,0.24825016744725145,1.7031232330956454e-06,0.0,0.0,0.0,0.0,0.0,0.0,0.0,0.0,0.0,0.0,0.0,0.0,0.0,0.0,0.0,0.0,0.0,0.0,0.0,0.0,0.0,0.0,0.0,0.0,0.0,0.0,0.0,0.0,0.0,0.0,0.0,0.0,0.0,0.0,0.0,0.0,0.0,0.0,0.0,0.0,0.0,0.0,0.0,0.0,0.0,0.0,0.0,0.0,0.0,0.0,0.0,0.0,0.0,0.0,0.0,0.0,0.0,0.0,0.0,0.0,0.0,0.0,0.0,0.0,0.0,0.0,0.0,0.0,0.0,0.0,0.0,0.0,0.0,0.0,0.0,0.0,0.0,0.0,0.0,0.0,0.0,0.0,0.0,0.0,0.0,0.0,0.0,0.0,0.0,6.326572455150984e-09,7.963628278473799e-10,2.568758970027055e-10,6.546079615250723e-10,2.879204520752399e-10,0.003834557729452386,2.042140762265337e-06,1.9857245317574892e-07,4.2994690433394263e-08,0.0,0.0,0.0,0.0,0.0,0.0,0.0,0.0,0.0,2.2526338270876395e-12,0.0,1.3548382805736364e-15,1.1106765063637192e-13,4.920023312561616e-15,6.089270891621081e-16,1.4942553882814834e-14,5.5199874278682995e-19,9.489887642520294e-13,6.5105487297919796e-18,0.0,0.0,0.0,0.0,0.0,0.0,0.0,0.0,0.0,0.0,0.0,0.0,0.0,0.0,0.0,0.0,0.0,0.0,0.0,0.0,0.0,0.0,0.0,0.0,0.0,0.0,0.0,0.0,0.0,0.0,0.0,0.0,0.0,0.0,0.0,0.0,0.0,0.0,0.0,0.0,0.0,0.0,0.0,0.0,0.0,0.0,0.0,0.0,0.0,0.0,0.0,0.0,0.0,0.0,0.0,0.0,0.0,0.0,0.0,0.0,0.0,0.0,0.0,0.0,0.0,0.0,0.0,0.0,0.0,0.0,0.0,0.0,0.0,0.0,0.0,0.0,0.0,0.0,0.0,0.0,0.0,0.0,0.0,0.0,0.0,0.0,0.0,0.0,0.0,2.4184661133976294e-20,3.0442653218178277e-21,9.8196243962061e-22,2.5023773674159265e-21,1.1006368165927777e-21,1.4658407841353373e-14,7.806514929431609e-18,7.590851957583791e-19,1.6435629656706963e-19,0.0,0.0,0.0,0.0,0.0,0.0,0.0,0.0,0.0
0.8500000000000003,2239.416493487697,0.5801470091386062,0.0,0.0004652021274156047,0.021155964302109698,0.00239764491788433,0.0003188938303037757,0.004845688117713955,1.5567644813074785e-07,0.2581769044267361,1.7301723492138006e-06,0.0,0.0,0.0,0.0,0.0,0.0,0.0,0.0,0.0,0.0,0.0,0.0,0.0,0.0,0.0,0.0,0.0,0.0,0.0,0.0,0.0,0.0,0.0,0.0,0.0,0.0,0.0,0.0,0.0,0.0,0.0,0.0,0.0,0.0,0.0,0.0,0.0,0.0,0.0,0.0,0.0,0.0,0.0,0.0,0.0,0.0,0.0,0.0,0.0,0.0,0.0,0.0,0.0,0.0,0.0,0.0,0.0,0.0,0.0,0.0,0.0,0.0,0.0,0.0,0.0,0.0,0.0,0.0,0.0,0.0,0.0,0.0,0.0,0.0,0.0,0.0,0.0,0.0,0.0,0.0,0.0,0.0,0.0,0.0,0.0,0.0,0.0,0.0,0.0,1.4135390890679654e-08,1.9754078276297536e-09,6.54368847714937e-10,1.515004508730459e-09,5.912550915644064e-10,0.003790627345289276,1.5731364317725988e-06,1.948992120781641e-07,5.974318686505768e-08,0.0,0.0,0.0,0.0,0.0,0.0,0.0,0.0,0.0,1.6078892856524518e-12,0.0,1.289317198523219e-15,5.863418720285554e-14,6.645121865099108e-15,8.8382076453034475e-16,1.3429923598063557e-14,4.314604558991257e-19,7.155425642357275e-13,4.795208006986941e-18,0.0,0.0,0.0,0.0,0.0,0.0,0.0,0.0,0.0,0.0,0.0,0.0,0.0,0.0,0.0,0.0,0.0,0.0,0.0,0.0,0.0,0.0,0.0,0.0,0.0,0.0,0.0,0.0,0.0,0.0,0.0,0.0,0.0,0.0,0.0,0.0,0.0,0.0,0.0,0.0,0.0,0.0,0.0,0.0,0.0,0.0,0.0,0.0,0.0,0.0,0.0,0.0,0.0,0.0,0.0,0.0,0.0,0.0,0.0,0.0,0.0,0.0,0.0,0.0,0.0,0.0,0.0,0.0,0.0,0.0,0.0,0.0,0.0,0.0,0.0,0.0,0.0,0.0,0.0,0.0,0.0,0.0,0.0,0.0,0.0,0.0,0.0,0.0,0.0,3.917652458824595e-20,5.4748831446874434e-21,1.813596627822271e-21,4.198865941989386e-21,1.6386755634661314e-21,1.050580111622662e-14,4.3599797541248845e-18,5.401671473580866e-19,1.655794627329583e-19,0.0,0.0,0.0,0.0,0.0,0.0,0.0,0.0,0.0
0.9000000000000004,2300.0971422193365,0.5714202708241313,0.0,0.0005449213096168448,0.014128909182303816,0.004325561110402609,0.000590096627103582,0.005602781950029943,1.5487626141522072e-07,0.26696725107785557,1.5808432360320938e-06,0.0,0.0,0.0,0.0,0.0,0.0,0.0,0.0,0.0,0.0,0.0,0.0,0.0,0.0,0.0,0.0,0.0,0.0,0.0,0.0,0.0,0.0,0.0,0.0,0.0,0.0,0.0,0.0,0.0,0.0,0.0,0.0,0.0,0.0,0.0,0.0,0.0,0.0,0.0,0.0,0.0,0.0,0.0,0.0,0.0,0.0,0.0,0.0,0.0,0.0,0.0,0.0,0.0,0.0,0.0,0.0,0.0,0.0,0.0,0.0,0.0,0.0,0.0,0.0,0.0,0.0,0.0,0.0,0.0,0.0,0.0,0.0,0.0,0.0,0.0,0.0,0.0,0.0,0.0,0.0,0.0,0.0,0.0,0.0,0.0,0.0,0.0,0.0,0.0,2.7654778879213705e-08,4.367633240029161e-09,1.5324289946376449e-09,3.3920818273998428e-09,1.1153356006787923e-09,0.003499348834296242,1.1004944785125934e-06,1.787939838456515e-07,7.598762190709961e-08,0.0,0.0,0.0,0.0,0.0,0.0,0.0,0.0,0.0,5.324806468962967e-14,0.0,5.0778746619170634e-17,1.316608997871509e-15,4.0307943135030183e-16,5.498842966810598e-17,5.220978515284643e-16,1.4432216719983392e-20,2.4877467918500693e-14,1.4731161492572574e-19,0.0,0.0,0.0,0.0,0.0,0.0,0.0,0.0,0.0,0.0,0.0,0.0,0.0,0.0,0.0,0.0,0.0,0.0,0.0,0.0,0.0,0.0,0.0,0.0,0.0,0.0,0.0,0.0,0.0,0.0,0.0,0.0,0.0,0.0,0.0,0.0,0.0,0.0,0.0,0.0,0.0,0.0,0.0,0.0,0.0,0.0,0.0,0.0,0.0,0.0,0.0,0.0,0.0,0.0,0.0,0.0,0.0,0.0,0.0,0.0,0.0,0.0,0.0,0.0,0.0,0.0,0.0,0.0,0.0,0.0,0.0,0.0,0.0,0.0,0.0,0.0,0.0,0.0,0.0,0.0,0.0,0.0,0.0,0.0,0.0,0.0,0.0,0.0,0.0,2.5770234797829878e-21,4.069999423895516e-22,1.4280011124043852e-22,3.1609272859256163e-22,1.0393306861504058e-22,3.260884547052006e-16,1.0255009171778684e-19,1.666100085003774e-20,7.080942020283268e-21,0.0,0.0,0.0,0.0,0.0,0.0,0.0,0.0,0.0
0.9500000000000004,2350.077564750099,0.5620387162171804,0.0,0.0005541879487199141,0.008319238601979272,0.00762645025250232,0.0010067855578676373,0.005945706685320613,1.3863985355919474e-07,0.2736504849497473,1.2551324048196982e-06,0.0,0.0,0.0,0.0,0.0,0.0,0.0,0.0,0.0,0.0,0.0,0.0,0.0,0.0,0.0,0.0,0.0,0.0,0.0,0.0,0.0,0.0,0.0,0.0,0.0,0.0,0.0,0.0,0.0,0.0,0.0,0.0,0.0,0.0,0.0,0.0,0.0,0.0,0.0,0.0,0.0,0.0,0.0,0.0,0.0,0.0,0.0,0.0,0.0,0.0,0.0,0.0,0.0,0.0,0.0,0.0,0.0,0.0,0.0,0.0,0.0,0.0,0.0,0.0,0.0,0.0,0.0,0.0,0.0,0.0,0.0,0.0,0.0,0.0,0.0,0.0,0.0,0.0,0.0,0.0,0.0,0.0,0.0,0.0,0.0,0.0,0.0,0.0,0.0,4.6683555369896135e-08,8.556358763143614e-09,3.3118159263353336e-09,7.462727260889233e-09,1.926453489298954e-09,0.0029478405723334985,6.712080177854508e-07,1.4973393416905174e-07,8.683899821201799e-08,0.0,0.0,0.0,0.0,0.0,0.0,0.0,0.0,0.0,0.0010486133730536345,0.0,1.0339659483316612e-06,1.5521466048404834e-05,1.4228908957599687e-05,1.8783915935229556e-06,1.109309263326576e-05,2.5866475081785123e-10,0.0005105583472826914,2.3417401447086587e-09,0.0,0.0,0.0,0.0,0.0,0.0,0.0,0.0,0.0,0.0,0.0,0.0,0.0,0.0,0.0,0.0,0.0,0.0,0.0,0.0,0.0,0.0,0.0,0.0,0.0,0.0,0.0,0.0,0.0,0.0,0.0,0.0,0.0,0.0,0.0,0.0,0.0,0.0,0.0,0.0,0.0,0.0,0.0,0.0,0.0,0.0,0.0,0.0,0.0,0.0,0.0,0.0,0.0,0.0,0.0,0.0,0.0,0.0,0.0,0.0,0.0,0.0,0.0,0.0,0.0,0.0,0.0,0.0,0.0,0.0,0.0,0.0,0.0,0.0,0.0,0.0,0.0,0.0,0.0,0.0,0.0,0.0,0.0,0.0,0.0,0.0,0.0,0.0,0.0,8.709898277474516e-11,1.5963868617559493e-11,6.178959508020233e-12,1.3923445804386257e-11,3.5942450816202883e-12,5.4998792015304865e-06,1.2522939848121445e-09,2.793633271855509e-10,1.6201825995288338e-10,0.0,0.0,0.0,0.0,0.0,0.0,0.0,0.0,0.0
1.0000000000000004,2384.579063504239,0.5538532753134837,0.0,0.00047487695419904253,0.00419352906930834,0.01315334823583101,0.0015632471940546764,0.005695709293467659,1.0911676041348346e-07,0.2784107968245574,8.39052168750037e-07,0.0,0.0,0.0,0.0,0.0,0.0,0.0,0.0,0.0,0.0,0.0,0.0,0.0,0.0,0.0,0.0,0.0,0.0,0.0,0.0,0.0,0.0,0.0,0.0,0.0,0.0,0.0,0.0,0.0,0.0,0.0,0.0,0.0,0.0,0.0,0.0,0.0,0.0,0.0,0.0,0.0,0.0,0.0,0.0,0.0,0.0,0.0,0.0,0.0,0.0,0.0,0.0,0.0,0.0,0.0,0.0,0.0,0.0,0.0,0.0,0.0,0.0,0.0,0.0,0.0,0.0,0.0,0.0,0.0,0.0,0.0,0.0,0.0,0.0,0.0,0.0,0.0,0.0,0.0,0.0,0.0,0.0,0.0,0.0,0.0,0.0,0.0,0.0,0.0,6.607137672507764e-08,1.4532048429063134e-08,6.526618064603902e-09,1.617599585621849e-08,3.001927568520298e-09,0.0022230068179248225,3.456057319884504e-07,1.1224363043437176e-07,8.722188364317247e-08,0.0,0.0,0.0,0.0,0.0,0.0,0.0,0.0,0.0,0.0012453555991470695,0.0,1.0677749869455063e-06,9.429275115677006e-06,2.957569559149236e-05,3.5150079140813854e-06,1.280697212762404e-05,2.453522884105828e-10,0.00062601497570292,1.8866338124260537e-09,0.0,0.0,0.0,0.0,0.0,0.0,0.0,0.0,0.0,0.0,0.0,0.0,0.0,0.0,0.0,0.0,0.0,0.0,0.0,0.0,0.0,0.0,0.0,0.0,0.0,0.0,0.0,0.0,0.0,0.0,0.0,0.0,0.0,0.0,0.0,0.0,0.0,0.0,0.0,0.0,0.0,0.0,0.0,0.0,0.0,0.0,0.0,0.0,0.0,0.0,0.0,0.0,0.0,0.0,0.0,0.0,0.0,0.0,0.0,0.0,0.0,0.0,0.0,0.0,0.0,0.0,0.0,0.0,0.0,0.0,0.0,0.0,0.0,0.0,0.0,0.0,0.0,0.0,0.0,0.0,0.0,0.0,0.0,0.0,0.0,0.0,0.0,0.0,0.0,1.4856346006351104e-10,3.2675744073423203e-11,1.4675295268066563e-11,3.637220886719406e-11,6.749923621446008e-12,4.998497094879606e-06,7.771047904079262e-10,2.523831488602462e-10,1.9612100533637204e-10,0.0,0.0,0.0,0.0,0.0,0.0,0.0,0.0,0.0
1.0500000000000005,2399.57788214085,0.5457245943367403,0.0,0.0003427181511133147,0.0018616182212832027,0.02149515770218644,0.0021457461962309807,0.004907343352293313,7.590646243507685e-08,0.28019357500425196,4.782308359979073e-07,0.0,0.0,0.0,0.0,0.0,0.0,0.0,0.0,0.0,0.0,0.0,0.0,0.0,0.0,0.0,0.0,0.0,0.0,0.0,0.0,0.0,0.0,0.0,0.0,0.0,0.0,0.0,0.0,0.0,0.0,0.0,0.0,0.0,0.0,0.0,0.0,0.0,0.0,0.0,0.0,0.0,0.0,0.0,0.0,0.0,0.0,0.0,0.0,0.0,0.0,0.0,0.0,0.0,0.0,0.0,0.0,0.0,0.0,0.0,0.0,0.0,0.0,0.0,0.0,0.0,0.0,0.0,0.0,0.0,0.0,0.0,0.0,0.0,0.0,0.0,0.0,0.0,0.0,0.0,0.0,0.0,0.0,0.0,0.0,0.0,0.0,0.0,0.0,0.0,7.626310479329743e-08,2.0638438833337625e-08,1.124297427766536e-08,3.3038187908309797e-08,4.093128939949675e-09,0.0015131808832585132,1.5418930801220647e-07,7.590228851190019e-08,7.637297236735386e-08,0.0,0.0,0.0,0.0,0.0,0.0,0.0,0.0,0.0,0.0016212571320996158,0.0,1.018158705980074e-06,5.530558545139537e-06,6.385854347009679e-05,6.374655568779445e-06,1.457890205447485e-05,2.2550549283099183e-10,0.0008324085748689507,1.4207443858988084e-09,0.0,0.0,0.0,0.0,0.0,0.0,0.0,0.0,0.0,0.0,0.0,0.0,0.0,0.0,0.0,0.0,0.0,0.0,0.0,0.0,0.0,0.0,0.0,0.0,0.0,0.0,0.0,0.0,0.0,0.0,0.0,0.0,0.0,0.0,0.0,0.0,0.0,0.0,0.0,0.0,0.0,0.0,0.0,0.0,0.0,0.0,0.0,0.0,0.0,0.0,0.0,0.0,0.0,0.0,0.0,0.0,0.0,0.0,0.0,0.0,0.0,0.0,0.0,0.0,0.0,0.0,0.0,0.0,0.0,0.0,0.0,0.0,0.0,0.0,0.0,0.0,0.0,0.0,0.0,0.0,0.0,0.0,0.0,0.0,0.0,0.0,0.0,0.0,0.0,2.26565018043662e-10,6.131337400209988e-11,3.3401009270297715e-11,9.815096906859417e-11,1.2160006267224994e-11,4.495409084717921e-06,4.580708252895161e-10,2.2549309279846965e-10,2.2689141635862353e-10,0.0,0.0,0.0,0.0,0.0,0.0,0.0,0.0,0.0
1.1000000000000005,2397.6627679010294,0.5379842214748665,0.0,0.00022405632468052426,0.0008119821277959396,0.032158370658108254,0.00260093715868467,0.003958380351650053,4.9797167958688145e-08,0.27962898707595985,2.5499511289274403e-07,0.0,0.0,0.0,0.0,0.0,0.0,0.0,0.0,0.0,0.0,0.0,0.0,0.0,0.0,0.0,0.0,0.0,0.0,0.0,0.0,0.0,0.0,0.0,0.0,0.0,0.0,0.0,0.0,0.0,0.0,0.0,0.0,0.0,0.0,0.0,0.0,0.0,0.0,0.0,0.0,0.0,0.0,0.0,0.0,0.0,0.0,0.0,0.0,0.0,0.0,0.0,0.0,0.0,0.0,0.0,0.0,0.0,0.0,0.0,0.0,0.0,0.0,0.0,0.0,0.0,0.0,0.0,0.0,0.0,0.0,0.0,0.0,0.0,0.0,0.0,0.0,0.0,0.0,0.0,0.0,0.0,0.0,0.0,0.0,0.0,0.0,0.0,0.0,0.0,7.42834232967697e-08,2.470817640037722e-08,1.6573687825006864e-08,6.014288178984388e-08,4.8860469879104625e-09,0.0009886187028403505,6.666941425245509e-08,4.923186297440689e-08,6.098318847895604e-08,0.0,0.0,0.0,0.0,0.0,0.0,0.0,0.0,0.0,0.0017495402578894769,0.0,7.286376522116259e-07,2.6405893789389944e-06,0.00010457995206636874,8.458322913027687e-06,1.287276746193106e-05,1.6194183136893177e-10,0.000909361558633048,8.292514868699752e-10,0.0,0.0,0.0,0.0,0.0,0.0,0.0,0.0,0.0,0.0,0.0,0.0,0.0,0.0,0.0,0.0,0.0,0.0,0.0,0.0,0.0,0.0,0.0,0.0,0.0,0.0,0.0,0.0,0.0,0.0,0.0,0.0,0.0,0.0,0.0,0.0,0.0,0.0,0.0,0.0,0.0,0.0,0.0,0.0,0.0,0.0,0.0,0.0,0.0,0.0,0.0,0.0,0.0,0.0,0.0,0.0,0.0,0.0,0.0,0.0,0.0,0.0,0.0,0.0,0.0,0.0,0.0,0.0,0.0,0.0,0.0,0.0,0.0,0.0,0.0,0.0,0.0,0.0,0.0,0.0,0.0,0.0,0.0,0.0,0.0,0.0,0.0,0.0,0.0,2.415718423781403e-10,8.035170472792019e-11,5.3898112462890256e-11,1.9558639216021954e-10,1.58895662119559e-11,3.2150166329707606e-06,2.1681086461115418e-10,1.6010344319971847e-10,1.9831909383228952e-10,0.0,0.0,0.0,0.0,0.0,0.0,0.0,0.0,0.0
1.1500000000000006,2385.7877082646905,0.5304592433519771,0.0,0.00014329546031537985,0.00037698821817084893,0.04402671858814084,0.0028763164971755055,0.0031272784361155398,3.2727443492184976e-08,0.277654305875158,1.3805907670355583e-07,0.0,0.0,0.0,0.0,0.0,0.0,0.0,0.0,0.0,0.0,0.0,0.0,0.0,0.0,0.0,0.0,0.0,0.0,0.0,0.0,0.0,0.0,0.0,0.0,0.0,0.0,0.0,0.0,0.0,0.0,0.0,0.0,0.0,0.0,0.0,0.0,0.0,0.0,0.0,0.0,0.0,0.0,0.0,0.0,0.0,0.0,0.0,0.0,0.0,0.0,0.0,0.0,0.0,0.0,0.0,0.0,0.0,0.0,0.0,0.0,0.0,0.0,0.0,0.0,0.0,0.0,0.0,0.0,0.0,0.0,0.0,0.0,0.0,0.0,0.0,0.0,0.0,0.0,0.0,0.0,0.0,0.0,0.0,0.0,0.0,0.0,0.0,0.0,0.0,6.545101759046788e-08,2.62578628956841e-08,2.148557518898667e-08,9.683991649887861e-08,5.294469585176556e-09,0.000653818277472774,3.043883378637022e-08,3.231244272719241e-08,4.696084627254542e-08,0.0,0.0,0.0,0.0,0.0,0.0,0.0,0.0,0.0,0.0017904658350064479,0.0,4.836669908593165e-07,1.272453130551826e-06,0.00014860394355871543,9.708467678502102e-06,1.0555542704886732e-05,1.1046535652777687e-10,0.0009371701122005703,4.659925586143799e-10,0.0,0.0,0.0,0.0,0.0,0.0,0.0,0.0,0.0,0.0,0.0,0.0,0.0,0.0,0.0,0.0,0.0,0.0,0.0,0.0,0.0,0.0,0.0,0.0,0.0,0.0,0.0,0.0,0.0,0.0,0.0,0.0,0.0,0.0,0.0,0.0,0.0,0.0,0.0,0.0,0.0,0.0,0.0,0.0,0.0,0.0,0.0,0.0,0.0,0.0,0.0,0.0,0.0,0.0,0.0,0.0,0.0,0.0,0.0,0.0,0.0,0.0,0.0,0.0,0.0,0.0,0.0,0.0,0.0,0.0,0.0,0.0,0.0,0.0,0.0,0.0,0.0,0.0,0.0,0.0,0.0,0.0,0.0,0.0,0.0,0.0,0.0,0.0,0.0,2.2091765263990293e-10,8.862849880496891e-11,7.252053537379695e-11,3.2686500259784394e-10,1.7870490572346316e-11,2.2068411528048935e-06,1.0274058306163579e-10,1.0906459916416995e-10,1.5850754207443617e-10,0.0,0.0,0.0,0.0,0.0,0.0,0.0,0.0,0.0
1.2000000000000006,2369.088260737703,0.5231325838286499,0.0,9.274401169392883e-05,0.0001891329546832114,0.056327693914996056,0.0030023554820854965,0.002473197085070595,2.2030457514790844e-08,0.2749908120168119,7.797192189712007e-08,0.0,0.0,0.0,0.0,0.0,0.0,0.0,0.0,0.0,0.0,0.0,0.0,0.0,0.0,0.0,0.0,0.0,0.0,0.0,0.0,0.0,0.0,0.0,0.0,0.0,0.0,0.0,0.0,0.0,0.0,0.0,0.0,0.0,0.0,0.0,0.0,0.0,0.0,0.0,0.0,0.0,0.0,0.0,0.0,0.0,0.0,0.0,0.0,0.0,0.0,0.0,0.0,0.0,0.0,0.0,0.0,0.0,0.0,0.0,0.0,0.0,0.0,0.0,0.0,0.0,0.0,0.0,0.0,0.0,0.0,0.0,0.0,0.0,0.0,0.0,0.0,0.0,0.0,0.0,0.0,0.0,0.0,0.0,0.0,0.0,0.0,0.0,0.0,0.0,5.482816444738865e-08,2.5978680242290282e-08,2.551396843281046e-08,1.4161446546661365e-07,5.4018742035064994e-09,0.00044520560626616894,1.495733606548701e-08,2.183369615259318e-08,3.5922105563503815e-08,0.0,0.0,0.0,0.0,0.0,0.0,0.0,0.0,0.0,0.0017835419980691204,0.0,3.161967826879473e-07,6.448204113540493e-07,0.00019204081500086778,1.0236080223205818e-05,8.431994119829302e-06,7.510953710289343e-11,0.0009375398846828385,2.6583356050312975e-10,0.0,0.0,0.0,0.0,0.0,0.0,0.0,0.0,0.0,0.0,0.0,0.0,0.0,0.0,0.0,0.0,0.0,0.0,0.0,0.0,0.0,0.0,0.0,0.0,0.0,0.0,0.0,0.0,0.0,0.0,0.0,0.0,0.0,0.0,0.0,0.0,0.0,0.0,0.0,0.0,0.0,0.0,0.0,0.0,0.0,0.0,0.0,0.0,0.0,0.0,0.0,0.0,0.0,0.0,0.0,0.0,0.0,0.0,0.0,0.0,0.0,0.0,0.0,0.0,0.0,0.0,0.0,0.0,0.0,0.0,0.0,0.0,0.0,0.0,0.0,0.0,0.0,0.0,0.0,0.0,0.0,0.0,0.0,0.0,0.0,0.0,0.0,0.0,0.0,1.8692839443088935e-10,8.857040968074459e-11,8.698604454114349e-11,4.828132571024321e-10,1.8416879025534178e-11,1.5178616685309986e-06,5.09947915254457e-11,7.443870878149674e-11,1.2247102534358119e-10,0.0,0.0,0.0,0.0,0.0,0.0,0.0,0.0,0.0
1.2500000000000007,2350.1541043468255,0.5159750899391439,0.0,6.121587880666874e-05,0.0001014176812237162,0.06868403979935653,0.0030225638715786277,0.001970206165911051,1.5217314564366433e-08,0.2719915462409843,4.591850749602176e-08,0.0,0.0,0.0,0.0,0.0,0.0,0.0,0.0,0.0,0.0,0.0,0.0,0.0,0.0,0.0,0.0,0.0,0.0,0.0,0.0,0.0,0.0,0.0,0.0,0.0,0.0,0.0,0.0,0.0,0.0,0.0,0.0,0.0,0.0,0.0,0.0,0.0,0.0,0.0,0.0,0.0,0.0,0.0,0.0,0.0,0.0,0.0,0.0,0.0,0.0,0.0,0.0,0.0,0.0,0.0,0.0,0.0,0.0,0.0,0.0,0.0,0.0,0.0,0.0,0.0,0.0,0.0,0.0,0.0,0.0,0.0,0.0,0.0,0.0,0.0,0.0,0.0,0.0,0.0,0.0,0.0,0.0,0.0,0.0,0.0,0.0,0.0,0.0,0.0,4.476617640856272e-08,2.461758693176383e-08,2.8586447215729804e-08,1.9323098330311731e-07,5.30959169759317e-09,0.0003119007480622312,7.84040070901192e-09,1.5179484437459538e-08,2.7573979916872007e-08,0.0,0.0,0.0,0.0,0.0,0.0,0.0,0.0,0.0,0.001774574993729702,0.0,2.105376206483499e-07,3.488022668750574e-07,0.00023622260429426013,1.0395397700482287e-05,6.776060826761335e-06,5.233637519400409e-11,0.0009354509662913365,1.5792590910088892e-10,0.0,0.0,0.0,0.0,0.0,0.0,0.0,0.0,0.0,0.0,0.0,0.0,0.0,0.0,0.0,0.0,0.0,0.0,0.0,0.0,0.0,0.0,0.0,0.0,0.0,0.0,0.0,0.0,0.0,0.0,0.0,0.0,0.0,0.0,0.0,0.0,0.0,0.0,0.0,0.0,0.0,0.0,0.0,0.0,0.0,0.0,0.0,0.0,0.0,0.0,0.0,0.0,0.0,0.0,0.0,0.0,0.0,0.0,0.0,0.0,0.0,0.0,0.0,0.0,0.0,0.0,0.0,0.0,0.0,0.0,0.0,0.0,0.0,0.0,0.0,0.0,0.0,0.0,0.0,0.0,0.0,0.0,0.0,0.0,0.0,0.0,0.0,0.0,0.0,1.539627372885735e-10,8.466640159007473e-11,9.831636328564773e-11,6.645725300894356e-10,1.826109212894349e-11,1.0727092815713993e-06,2.6965214620793713e-11,5.2206267368010706e-11,9.483422008618633e-11,0.0,0.0,0.0,0.0,0.0,0.0,0.0,0.0,0.0
1.3000000000000007,2330.2076056759647,0.5090152268762067,0.0,4.1180418880033384e-05,5.7327440789978704e-05,0.08092834048638932,0.002971655345558131,0.0015823511642598974,1.0749270134263173e-08,0.26885032079576776,2.8011094479687495e-08,0.0,0.0,0.0,0.0,0.0,0.0,0.0,0.0,0.0,0.0,0.0,0.0,0.0,0.0,0.0,0.0,0.0,0.0,0.0,0.0,0.0,0.0,0.0,0.0,0.0,0.0,0.0,0.0,0.0,0.0,0.0,0.0,0.0,0.0,0.0,0.0,0.0,0.0,0.0,0.0,0.0,0.0,0.0,0.0,0.0,0.0,0.0,0.0,0.0,0.0,0.0,0.0,0.0,0.0,0.0,0.0,0.0,0.0,0.0,0.0,0.0,0.0,0.0,0.0,0.0,0.0,0.0,0.0,0.0,0.0,0.0,0.0,0.0,0.0,0.0,0.0,0.0,0.0,0.0,0.0,0.0,0.0,0.0,0.0,0.0,0.0,0.0,0.0,0.0,3.604959084110742e-08,2.2696931231879567e-08,3.078303426490379e-08,2.5084386069949957e-07,5.094037197643781e-09,0.00022377510801413621,4.328059396411345e-09,1.0808739565536296e-08,2.129742549605668e-08,0.0,0.0,0.0,0.0,0.0,0.0,0.0,0.0,0.0,0.0017418683238692228,0.0,1.409208672420851e-07,1.961765541149013e-07,0.00027693967754501074,1.0169110947137088e-05,5.41486231596221e-06,3.6784387112624706e-11,0.0009200154198341513,9.585496781808633e-11,0.0,0.0,0.0,0.0,0.0,0.0,0.0,0.0,0.0,0.0,0.0,0.0,0.0,0.0,0.0,0.0,0.0,0.0,0.0,0.0,0.0,0.0,0.0,0.0,0.0,0.0,0.0,0.0,0.0,0.0,0.0,0.0,0.0,0.0,0.0,0.0,0.0,0.0,0.0,0.0,0.0,0.0,0.0,0.0,0.0,0.0,0.0,0.0,0.0,0.0,0.0,0.0,0.0,0.0,0.0,0.0,0.0,0.0,0.0,0.0,0.0,0.0,0.0,0.0,0.0,0.0,0.0,0.0,0.0,0.0,0.0,0.0,0.0,0.0,0.0,0.0,0.0,0.0,0.0,0.0,0.0,0.0,0.0,0.0,0.0,0.0,0.0,0.0,0.0,1.2336299006219383e-10,7.76697109918086e-11,1.0534064496997469e-10,8.583966689389086e-10,1.743197760445399e-11,7.657664284671309e-07,1.4810774154525073e-11,3.6987893634834035e-11,7.288055227593998e-11,0.0,0.0,0.0,0.0,0.0,0.0,0.0,0.0,0.0
1.3500000000000008,2309.8492662623316,0.5017277364564755,0.0,2.8131300453336895e-05,3.373790471833088e-05,0.09288460955885681,0.0028711085755362426,0.0012790017360044994,7.726418794962432e-09,0.26538187023862964,1.7563403247223337e-08,0.0,0.0,0.0,0.0,0.0,0.0,0.0,0.0,0.0,0.0,0.0,0.0,0.0,0.0,0.0,0.0,0.0,0.0,0.0,0.0,0.0,0.0,0.0,0.0,0.0,0.0,0.0,0.0,0.0,0.0,0.0,0.0,0.0,0.0,0.0,0.0,0.0,0.0,0.0,0.0,0.0,0.0,0.0,0.0,0.0,0.0,0.0,0.0,0.0,0.0,0.0,0.0,0.0,0.0,0.0,0.0,0.0,0.0,0.0,0.0,0.0,0.0,0.0,0.0,0.0,0.0,0.0,0.0,0.0,0.0,0.0,0.0,0.0,0.0,0.0,0.0,0.0,0.0,0.0,0.0,0.0,0.0,0.0,0.0,0.0,0.0,0.0,0.0,0.0,2.8770355705958905e-08,2.052085051632877e-08,3.219054526320079e-08,3.135340628557504e-07,4.801730967084937e-09,0.00016349642725221848,2.4861651084131854e-09,7.838918269281307e-09,1.6537869614172337e-08,0.0,0.0,0.0,0.0,0.0,0.0,0.0,0.0,0.0,0.002211382115099815,0.0,1.239896664671547e-07,1.4870096603873933e-07,0.0004093920854587649,1.2654508996641489e-05,5.6372437855218755e-06,3.40544544313523e-11,0.001169679646801205,7.741129900029444e-11,0.0,0.0,0.0,0.0,0.0,0.0,0.0,0.0,0.0,0.0,0.0,0.0,0.0,0.0,0.0,0.0,0.0,0.0,0.0,0.0,0.0,0.0,0.0,0.0,0.0,0.0,0.0,0.0,0.0,0.0,0.0,0.0,0.0,0.0,0.0,0.0,0.0,0.0,0.0,0.0,0.0,0.0,0.0,0.0,0.0,0.0,0.0,0.0,0.0,0.0,0.0,0.0,0.0,0.0,0.0,0.0,0.0,0.0,0.0,0.0,0.0,0.0,0.0,0.0,0.0,0.0,0.0,0.0,0.0,0.0,0.0,0.0,0.0,0.0,0.0,0.0,0.0,0.0,0.0,0.0,0.0,0.0,0.0,0.0,0.0,0.0,0.0,0.0,0.0,1.268063242951898e-10,9.04463487342582e-11,1.4188092645089159e-10,1.3819120784708644e-09,2.1163793052211892e-11,7.20616080911124e-07,1.0957857532967796e-11,3.4550299702410845e-11,7.28912245258253e-11,0.0,0.0,0.0,0.0,0.0,0.0,0.0,0.0,0.0
1.4000000000000008,2289.392169027737,0.49526750653675916,0.0,1.9508220633710202e-05,2.0542879618220612e-05,0.10471910453938307,0.002744651578806299,0.0010417897592814804,5.64520706946698e-09,0.2622486830186697,1.1283977717421752e-08,0.0,0.0,0.0,0.0,0.0,0.0,0.0,0.0,0.0,0.0,0.0,0.0,0.0,0.0,0.0,0.0,0.0,0.0,0.0,0.0,0.0,0.0,0.0,0.0,0.0,0.0,0.0,0.0,0.0,0.0,0.0,0.0,0.0,0.0,0.0,0.0,0.0,0.0,0.0,0.0,0.0,0.0,0.0,0.0,0.0,0.0,0.0,0.0,0.0,0.0,0.0,0.0,0.0,0.0,0.0,0.0,0.0,0.0,0.0,0.0,0.0,0.0,0.0,0.0,0.0,0.0,0.0,0.0,0.0,0.0,0.0,0.0,0.0,0.0,0.0,0.0,0.0,0.0,0.0,0.0,0.0,0.0,0.0,0.0,0.0,0.0,0.0,0.0,0.0,2.287886597850961e-08,1.833398556204382e-08,3.300556374466648e-08,3.815423820118767e-07,4.4781147400627325e-09,0.00012147961235518958,1.4771974068127644e-09,5.782342275183945e-09,1.2933901500736492e-08,0.0,0.0,0.0,0.0,0.0,0.0,0.0,0.0,0.0,0.002025756223779046,0.0,7.97930387973875e-08,8.402502827732062e-08,0.0004283248446005498,1.1226246310493419e-05,4.261155963021072e-06,2.3090174915020536e-11,0.0010726564832213162,4.615402340893438e-11,0.0,0.0,0.0,0.0,0.0,0.0,0.0,0.0,0.0,0.0,0.0,0.0,0.0,0.0,0.0,0.0,0.0,0.0,0.0,0.0,0.0,0.0,0.0,0.0,0.0,0.0,0.0,0.0,0.0,0.0,0.0,0.0,0.0,0.0,0.0,0.0,0.0,0.0,0.0,0.0,0.0,0.0,0.0,0.0,0.0,0.0,0.0,0.0,0.0,0.0,0.0,0.0,0.0,0.0,0.0,0.0,0.0,0.0,0.0,0.0,0.0,0.0,0.0,0.0,0.0,0.0,0.0,0.0,0.0,0.0,0.0,0.0,0.0,0.0,0.0,0.0,0.0,0.0,0.0,0.0,0.0,0.0,0.0,0.0,0.0,0.0,0.0,0.0,0.0,9.357974132753577e-11,7.499015152282505e-11,1.3500022774278258e-10,1.5605947186237719e-09,1.8316503073348307e-11,4.96879115925393e-07,6.042071811998549e-12,2.365108895201631e-11,5.290258520381433e-11,0.0,0.0,0.0,0.0,0.0,0.0,0.0,0.0,0.0
1.4500000000000008,2269.008478952535,0.4890614551962478,0.0,1.3687326056229638e-05,1.2845455843801823e-05,0.1163299915296602,0.002600787356233134,0.0008533734572208868,4.1768829114591976e-09,0.2591793147311398,7.3889362011626705e-09,0.0,0.0,0.0,0.0,0.0,0.0,0.0,0.0,0.0,0.0,0.0,0.0,0.0,0.0,0.0,0.0,0.0,0.0,0.0,0.0,0.0,0.0,0.0,0.0,0.0,0.0,0.0,0.0,0.0,0.0,0.0,0.0,0.0,0.0,0.0,0.0,0.0,0.0,0.0,0.0,0.0,0.0,0.0,0.0,0.0,0.0,0.0,0.0,0.0,0.0,0.0,0.0,0.0,0.0,0.0,0.0,0.0,0.0,0.0,0.0,0.0,0.0,0.0,0.0,0.0,0.0,0.0,0.0,0.0,0.0,0.0,0.0,0.0,0.0,0.0,0.0,0.0,0.0,0.0,0.0,0.0,0.0,0.0,0.0,0.0,0.0,0.0,0.0,0.0,1.814062564654193e-08,1.6223845503503248e-08,3.3306995563588595e-08,4.543131727150449e-07,4.139860893812349e-09,9.1428302169086e-05,9.012336288844421e-10,4.321196573694327e-09,1.016959969971449e-08,0.0,0.0,0.0,0.0,0.0,0.0,0.0,0.0,0.0,0.001754009524798955,0.0,4.908933226401757e-08,4.606998090121265e-08,0.00041721528244527065,9.327673948418586e-06,3.060607529529102e-06,1.4980310414625604e-11,0.000929541639070444,2.6500277904273995e-11,0.0,0.0,0.0,0.0,0.0,0.0,0.0,0.0,0.0,0.0,0.0,0.0,0.0,0.0,0.0,0.0,0.0,0.0,0.0,0.0,0.0,0.0,0.0,0.0,0.0,0.0,0.0,0.0,0.0,0.0,0.0,0.0,0.0,0.0,0.0,0.0,0.0,0.0,0.0,0.0,0.0,0.0,0.0,0.0,0.0,0.0,0.0,0.0,0.0,0.0,0.0,0.0,0.0,0.0,0.0,0.0,0.0,0.0,0.0,0.0,0.0,0.0,0.0,0.0,0.0,0.0,0.0,0.0,0.0,0.0,0.0,0.0,0.0,0.0,0.0,0.0,0.0,0.0,0.0,0.0,0.0,0.0,0.0,0.0,0.0,0.0,0.0,0.0,0.0,6.506100579338036e-11,5.8186510590142796e-11,1.1945490048386612e-10,1.629385476440664e-09,1.4847531658725176e-11,3.27905851374871e-07,3.2322571168441055e-12,1.5497888595096658e-11,3.647307418559786e-11,0.0,0.0,0.0,0.0,0.0,0.0,0.0,0.0,0.0
1.5000000000000009,2248.79684037017,0.48276231589988744,0.0,9.69165849372515e-06,8.203693251806632e-06,0.12762627260691928,0.0024460616294547637,0.0007019341416822087,3.121015543030307e-09,0.2560095515604469,4.9120008599919256e-09,0.0,0.0,0.0,0.0,0.0,0.0,0.0,0.0,0.0,0.0,0.0,0.0,0.0,0.0,0.0,0.0,0.0,0.0,0.0,0.0,0.0,0.0,0.0,0.0,0.0,0.0,0.0,0.0,0.0,0.0,0.0,0.0,0.0,0.0,0.0,0.0,0.0,0.0,0.0,0.0,0.0,0.0,0.0,0.0,0.0,0.0,0.0,0.0,0.0,0.0,0.0,0.0,0.0,0.0,0.0,0.0,0.0,0.0,0.0,0.0,0.0,0.0,0.0,0.0,0.0,0.0,0.0,0.0,0.0,0.0,0.0,0.0,0.0,0.0,0.0,0.0,0.0,0.0,0.0,0.0,0.0,0.0,0.0,0.0,0.0,0.0,0.0,0.0,0.0,1.4346759845679528e-08,1.4242155291077674e-08,3.3170614443783506e-08,5.312806917555572e-07,3.798884250652821e-09,6.950057317228414e-05,5.615511712355815e-10,3.262164615828045e-09,8.028233751449336e-09,0.0,0.0,0.0,0.0,0.0,0.0,0.0,0.0,0.0,0.0017385821579481368,0.0,3.4902775098980647e-08,2.954413434338562e-08,0.0004596231999306114,8.809053578021024e-06,2.527890298372855e-06,1.1239779409204242e-11,0.0009219726228581428,1.7689692782024722e-11,0.0,0.0,0.0,0.0,0.0,0.0,0.0,0.0,0.0,0.0,0.0,0.0,0.0,0.0,0.0,0.0,0.0,0.0,0.0,0.0,0.0,0.0,0.0,0.0,0.0,0.0,0.0,0.0,0.0,0.0,0.0,0.0,0.0,0.0,0.0,0.0,0.0,0.0,0.0,0.0,0.0,0.0,0.0,0.0,0.0,0.0,0.0,0.0,0.0,0.0,0.0,0.0,0.0,0.0,0.0,0.0,0.0,0.0,0.0,0.0,0.0,0.0,0.0,0.0,0.0,0.0,0.0,0.0,0.0,0.0,0.0,0.0,0.0,0.0,0.0,0.0,0.0,0.0,0.0,0.0,0.0,0.0,0.0,0.0,0.0,0.0,0.0,0.0,0.0,5.166729023902819e-11,5.1290575639977595e-11,1.194580366792704e-10,1.913312413017937e-09,1.3681002349952928e-11,2.5029388687736553e-07,2.02232613219859e-12,1.1748102556009021e-11,2.8912248326775425e-11,0.0,0.0,0.0,0.0,0.0,0.0,0.0,0.0,0.0
1.550000000000001,2228.8153634109985,0.4766394120425864,0.0,6.919344165255184e-06,5.334678485038797e-06,0.1386661363989432,0.0022878778736638143,0.0005797055304540737,2.3526288646052923e-09,0.2528953445794283,3.3086090851956565e-09,0.0,0.0,0.0,0.0,0.0,0.0,0.0,0.0,0.0,0.0,0.0,0.0,0.0,0.0,0.0,0.0,0.0,0.0,0.0,0.0,0.0,0.0,0.0,0.0,0.0,0.0,0.0,0.0,0.0,0.0,0.0,0.0,0.0,0.0,0.0,0.0,0.0,0.0,0.0,0.0,0.0,0.0,0.0,0.0,0.0,0.0,0.0,0.0,0.0,0.0,0.0,0.0,0.0,0.0,0.0,0.0,0.0,0.0,0.0,0.0,0.0,0.0,0.0,0.0,0.0,0.0,0.0,0.0,0.0,0.0,0.0,0.0,0.0,0.0,0.0,0.0,0.0,0.0,0.0,0.0,0.0,0.0,0.0,0.0,0.0,0.0,0.0,0.0,0.0,1.1331068568168324e-08,1.2429649931955495e-08,3.2700508392883585e-08,6.124847578272747e-07,3.4671846851177786e-09,5.330105791183583e-05,3.5627380564531073e-10,2.4849538459842898e-09,6.363214301576485e-09,0.0,0.0,0.0,0.0,0.0,0.0,0.0,0.0,0.0,0.0017049983565461317,0.0,2.4751353186635595e-08,1.908280729601087e-08,0.0004960259867215546,8.184023217590167e-06,2.073678658819304e-06,8.415645551686769e-12,0.00090463804711044,1.1835305495483822e-11,0.0,0.0,0.0,0.0,0.0,0.0,0.0,0.0,0.0,0.0,0.0,0.0,0.0,0.0,0.0,0.0,0.0,0.0,0.0,0.0,0.0,0.0,0.0,0.0,0.0,0.0,0.0,0.0,0.0,0.0,0.0,0.0,0.0,0.0,0.0,0.0,0.0,0.0,0.0,0.0,0.0,0.0,0.0,0.0,0.0,0.0,0.0,0.0,0.0,0.0,0.0,0.0,0.0,0.0,0.0,0.0,0.0,0.0,0.0,0.0,0.0,0.0,0.0,0.0,0.0,0.0,0.0,0.0,0.0,0.0,0.0,0.0,0.0,0.0,0.0,0.0,0.0,0.0,0.0,0.0,0.0,0.0,0.0,0.0,0.0,0.0,0.0,0.0,0.0,4.053263913667103e-11,4.446240107507704e-11,1.1697377862471847e-10,2.1909340250102633e-09,1.2402550105191818e-11,1.9066450202344012e-07,1.2744356378388973e-12,8.888988439582413e-12,2.2762007615032547e-11,0.0,0.0,0.0,0.0,0.0,0.0,0.0,0.0,0.0
1.600000000000001,2209.098741620374,0.47068099214423836,0.0,4.97515879456025e-06,3.5222713805083317e-06,0.14945121169265094,0.002130334626117838,0.00048043428130510726,1.7867705646828732e-09,0.24983973177367752,2.2536455785049187e-09,0.0,0.0,0.0,0.0,0.0,0.0,0.0,0.0,0.0,0.0,0.0,0.0,0.0,0.0,0.0,0.0,0.0,0.0,0.0,0.0,0.0,0.0,0.0,0.0,0.0,0.0,0.0,0.0,0.0,0.0,0.0,0.0,0.0,0.0,0.0,0.0,0.0,0.0,0.0,0.0,0.0,0.0,0.0,0.0,0.0,0.0,0.0,0.0,0.0,0.0,0.0,0.0,0.0,0.0,0.0,0.0,0.0,0.0,0.0,0.0,0.0,0.0,0.0,0.0,0.0,0.0,0.0,0.0,0.0,0.0,0.0,0.0,0.0,0.0,0.0,0.0,0.0,0.0,0.0,0.0,0.0,0.0,0.0,0.0,0.0,0.0,0.0,0.0,0.0,8.941070782876435e-09,1.0796955741937547e-08,3.1969057276781106e-08,6.97790555213726e-07,3.1506696504777672e-09,4.118553774812298e-05,2.2951552335482528e-10,1.9074903881600077e-09,5.0613062303461066e-09,0.0,0.0,0.0,0.0,0.0,0.0,0.0,0.0,0.0,0.0016597677176752998,0.0,1.7543958849708573e-08,1.2420625493342962e-08,0.0005270115017920495,7.5122231390058e-06,1.694160851794831e-06,6.300709294935913e-12,0.0008810126780380287,7.947055948113486e-12,0.0,0.0,0.0,0.0,0.0,0.0,0.0,0.0,0.0,0.0,0.0,0.0,0.0,0.0,0.0,0.0,0.0,0.0,0.0,0.0,0.0,0.0,0.0,0.0,0.0,0.0,0.0,0.0,0.0,0.0,0.0,0.0,0.0,0.0,0.0,0.0,0.0,0.0,0.0,0.0,0.0,0.0,0.0,0.0,0.0,0.0,0.0,0.0,0.0,0.0,0.0,0.0,0.0,0.0,0.0,0.0,0.0,0.0,0.0,0.0,0.0,0.0,0.0,0.0,0.0,0.0,0.0,0.0,0.0,0.0,0.0,0.0,0.0,0.0,0.0,0.0,0.0,0.0,0.0,0.0,0.0,0.0,0.0,0.0,0.0,0.0,0.0,0.0,0.0,3.152899924694392e-11,3.807342741417366e-11,1.1273284903811702e-10,2.460626744169464e-09,1.1110242100703446e-11,1.4523302859121403e-07,8.093431915197874e-13,6.726404976798886e-12,1.7847741528984606e-11,0.0,0.0,0.0,0.0,0.0,0.0,0.0,0.0,0.0
1.650000000000001,2189.667600487533,0.46486391469260013,0.0,3.5991462791661724e-06,2.356022695321036e-06,0.15998060797131736,0.0019762273161895148,0.0003993646104018442,1.3657993763809081e-09,0.24683706683544407,1.5498396153291072e-09,0.0,0.0,0.0,0.0,0.0,0.0,0.0,0.0,0.0,0.0,0.0,0.0,0.0,0.0,0.0,0.0,0.0,0.0,0.0,0.0,0.0,0.0,0.0,0.0,0.0,0.0,0.0,0.0,0.0,0.0,0.0,0.0,0.0,0.0,0.0,0.0,0.0,0.0,0.0,0.0,0.0,0.0,0.0,0.0,0.0,0.0,0.0,0.0,0.0,0.0,0.0,0.0,0.0,0.0,0.0,0.0,0.0,0.0,0.0,0.0,0.0,0.0,0.0,0.0,0.0,0.0,0.0,0.0,0.0,0.0,0.0,0.0,0.0,0.0,0.0,0.0,0.0,0.0,0.0,0.0,0.0,0.0,0.0,0.0,0.0,0.0,0.0,0.0,0.0,7.050583172481662e-09,9.342487383514772e-09,3.1036345626677956e-08,7.870752530978354e-07,2.8527448916259834e-09,3.202909797743168e-05,1.497992349615676e-10,1.4738947458859244e-09,4.0382201337298266e-09,0.0,0.0,0.0,0.0,0.0,0.0,0.0,0.0,0.0,0.0016208304688914385,0.0,1.254906170793506e-08,8.21469090045676e-09,0.0005578007576758355,6.890466965270151e-06,1.3924555300540088e-06,4.762101711198596e-12,0.0008606412030136677,5.403790638562556e-12,0.0,0.0,0.0,0.0,0.0,0.0,0.0,0.0,0.0,0.0,0.0,0.0,0.0,0.0,0.0,0.0,0.0,0.0,0.0,0.0,0.0,0.0,0.0,0.0,0.0,0.0,0.0,0.0,0.0,0.0,0.0,0.0,0.0,0.0,0.0,0.0,0.0,0.0,0.0,0.0,0.0,0.0,0.0,0.0,0.0,0.0,0.0,0.0,0.0,0.0,0.0,0.0,0.0,0.0,0.0,0.0,0.0,0.0,0.0,0.0,0.0,0.0,0.0,0.0,0.0,0.0,0.0,0.0,0.0,0.0,0.0,0.0,0.0,0.0,0.0,0.0,0.0,0.0,0.0,0.0,0.0,0.0,0.0,0.0,0.0,0.0,0.0,0.0,0.0,2.458310845007028e-11,3.257423888547836e-11,1.0821372243537214e-10,2.744277435203769e-09,9.946600917346639e-12,1.1167512954249967e-07,5.223015953021263e-13,5.13899538459905e-12,1.4079970559059887e-11,0.0,0.0,0.0,0.0,0.0,0.0,0.0,0.0,0.0
1.700000000000001,2170.5338308410164,0.4591925204846184,0.0,2.6177003820324526e-06,1.5937620351878534e-06,0.17026293031602133,0.0018275623863609387,0.00033286433340658765,1.0499361895230565e-09,0.24389452419497906,1.0747687129704317e-09,0.0,0.0,0.0,0.0,0.0,0.0,0.0,0.0,0.0,0.0,0.0,0.0,0.0,0.0,0.0,0.0,0.0,0.0,0.0,0.0,0.0,0.0,0.0,0.0,0.0,0.0,0.0,0.0,0.0,0.0,0.0,0.0,0.0,0.0,0.0,0.0,0.0,0.0,0.0,0.0,0.0,0.0,0.0,0.0,0.0,0.0,0.0,0.0,0.0,0.0,0.0,0.0,0.0,0.0,0.0,0.0,0.0,0.0,0.0,0.0,0.0,0.0,0.0,0.0,0.0,0.0,0.0,0.0,0.0,0.0,0.0,0.0,0.0,0.0,0.0,0.0,0.0,0.0,0.0,0.0,0.0,0.0,0.0,0.0,0.0,0.0,0.0,0.0,0.0,5.557506732958112e-09,8.058225280746368e-09,2.995427048892984e-08,8.802817677200858e-07,2.5753252918922285e-09,2.5048405922119964e-05,9.88844711667299e-11,1.1454437776181188e-09,3.2309045605633196e-09,0.0,0.0,0.0,0.0,0.0,0.0,0.0,0.0,0.0,0.0015787570637679788,0.0,8.999957065067636e-09,5.479538447974908e-09,0.0005853836723006009,6.28337113134802e-06,1.1444261267310169e-06,3.6098022109912657e-12,0.0008385376192120406,3.695179302417648e-12,0.0,0.0,0.0,0.0,0.0,0.0,0.0,0.0,0.0,0.0,0.0,0.0,0.0,0.0,0.0,0.0,0.0,0.0,0.0,0.0,0.0,0.0,0.0,0.0,0.0,0.0,0.0,0.0,0.0,0.0,0.0,0.0,0.0,0.0,0.0,0.0,0.0,0.0,0.0,0.0,0.0,0.0,0.0,0.0,0.0,0.0,0.0,0.0,0.0,0.0,0.0,0.0,0.0,0.0,0.0,0.0,0.0,0.0,0.0,0.0,0.0,0.0,0.0,0.0,0.0,0.0,0.0,0.0,0.0,0.0,0.0,0.0,0.0,0.0,0.0,0.0,0.0,0.0,0.0,0.0,0.0,0.0,0.0,0.0,0.0,0.0,0.0,0.0,0.0,1.9107351753762464e-11,2.7705111725221906e-11,1.0298625089647659e-10,3.0265106614269413e-09,8.85426659777699e-12,8.611932037555498e-08,3.399762635216304e-13,3.938168359441119e-12,1.1108224045041196e-11,0.0,0.0,0.0,0.0,0.0,0.0,0.0,0.0,0.0
1.750000000000001,2151.703747377818,0.4536603307258476,0.0,1.912915936565914e-06,1.0887711835284935e-06,0.18030416507583083,0.0016856226947405454,0.00027809778031558747,8.11161681410227e-10,0.24101231426886155,7.508072980004742e-10,0.0,0.0,0.0,0.0,0.0,0.0,0.0,0.0,0.0,0.0,0.0,0.0,0.0,0.0,0.0,0.0,0.0,0.0,0.0,0.0,0.0,0.0,0.0,0.0,0.0,0.0,0.0,0.0,0.0,0.0,0.0,0.0,0.0,0.0,0.0,0.0,0.0,0.0,0.0,0.0,0.0,0.0,0.0,0.0,0.0,0.0,0.0,0.0,0.0,0.0,0.0,0.0,0.0,0.0,0.0,0.0,0.0,0.0,0.0,0.0,0.0,0.0,0.0,0.0,0.0,0.0,0.0,0.0,0.0,0.0,0.0,0.0,0.0,0.0,0.0,0.0,0.0,0.0,0.0,0.0,0.0,0.0,0.0,0.0,0.0,0.0,0.0,0.0,0.0,4.3794799349896545e-09,6.931970591411437e-09,2.876528923347388e-08,9.77361036371418e-07,2.319094797695917e-09,1.968583425406522e-05,6.592554769922568e-11,8.94717366549624e-10,2.5914579816772817e-09,0.0,0.0,0.0,0.0,0.0,0.0,0.0,0.0,0.0,0.00153508919069667,0.0,6.4728969628779735e-09,3.684168003630304e-09,0.0006101105961869037,5.703785416170481e-06,9.4102320085194e-07,2.7447970314018534e-12,0.0008155339433513119,2.5405707517197998e-12,0.0,0.0,0.0,0.0,0.0,0.0,0.0,0.0,0.0,0.0,0.0,0.0,0.0,0.0,0.0,0.0,0.0,0.0,0.0,0.0,0.0,0.0,0.0,0.0,0.0,0.0,0.0,0.0,0.0,0.0,0.0,0.0,0.0,0.0,0.0,0.0,0.0,0.0,0.0,0.0,0.0,0.0,0.0,0.0,0.0,0.0,0.0,0.0,0.0,0.0,0.0,0.0,0.0,0.0,0.0,0.0,0.0,0.0,0.0,0.0,0.0,0.0,0.0,0.0,0.0,0.0,0.0,0.0,0.0,0.0,0.0,0.0,0.0,0.0,0.0,0.0,0.0,0.0,0.0,0.0,0.0,0.0,0.0,0.0,0.0,0.0,0.0,0.0,0.0,1.4819220138379e-11,2.345630068222534e-11,9.733556491244578e-11,3.3071799774541813e-09,7.847319051345484e-12,6.661263797279658e-08,2.230779039064868e-13,3.027531536474198e-12,8.76893760901077e-12,0.0,0.0,0.0,0.0,0.0,0.0,0.0,0.0,0.0
1.8000000000000012,2133.180018552764,0.4482629841513045,0.0,1.4037973599739791e-06,7.502656304723828e-07,0.19011136578482263,0.0015512044674506635,0.0002328384202915593,6.294830302493727e-10,0.23819090185193195,5.279176629581682e-10,0.0,0.0,0.0,0.0,0.0,0.0,0.0,0.0,0.0,0.0,0.0,0.0,0.0,0.0,0.0,0.0,0.0,0.0,0.0,0.0,0.0,0.0,0.0,0.0,0.0,0.0,0.0,0.0,0.0,0.0,0.0,0.0,0.0,0.0,0.0,0.0,0.0,0.0,0.0,0.0,0.0,0.0,0.0,0.0,0.0,0.0,0.0,0.0,0.0,0.0,0.0,0.0,0.0,0.0,0.0,0.0,0.0,0.0,0.0,0.0,0.0,0.0,0.0,0.0,0.0,0.0,0.0,0.0,0.0,0.0,0.0,0.0,0.0,0.0,0.0,0.0,0.0,0.0,0.0,0.0,0.0,0.0,0.0,0.0,0.0,0.0,0.0,0.0,0.0,3.4506932097302484e-09,5.94971066129958e-09,2.7504535279133727e-08,1.0782866065439745e-06,2.083965942540183e-09,1.5539027271601733e-05,4.4338992966519625e-11,7.02035831711205e-10,2.0832941371952497e-09,0.0,0.0,0.0,0.0,0.0,0.0,0.0,0.0,0.0,0.0014894227553663736,0.0,4.66433278185327e-09,2.4928730278955607e-09,0.0006316742721681389,5.154115583336014e-06,7.736414867321282e-07,2.0915542494468807e-12,0.0007914259304974173,1.7540876850660406e-12,0.0,0.0,0.0,0.0,0.0,0.0,0.0,0.0,0.0,0.0,0.0,0.0,0.0,0.0,0.0,0.0,0.0,0.0,0.0,0.0,0.0,0.0,0.0,0.0,0.0,0.0,0.0,0.0,0.0,0.0,0.0,0.0,0.0,0.0,0.0,0.0,0.0,0.0,0.0,0.0,0.0,0.0,0.0,0.0,0.0,0.0,0.0,0.0,0.0,0.0,0.0,0.0,0.0,0.0,0.0,0.0,0.0,0.0,0.0,0.0,0.0,0.0,0.0,0.0,0.0,0.0,0.0,0.0,0.0,0.0,0.0,0.0,0.0,0.0,0.0,0.0,0.0,0.0,0.0,0.0,0.0,0.0,0.0,0.0,0.0,0.0,0.0,0.0,0.0,1.1465459272957323e-11,1.976882937047217e-11,9.138805158779021e-11,3.5827732054073494e-09,6.9242975797016264e-12,5.1630809664998886e-08,1.47323128184239e-13,2.332622098641302e-12,6.9220654030479234e-12,0.0,0.0,0.0,0.0,0.0,0.0,0.0,0.0,0.0
1.8500000000000012,2114.9628784319393,0.44274012656759576,0.0,1.0334972575655536e-06,5.207045870170206e-07,0.19957634338458388,0.0014239152488065337,0.0001952088025337175,4.901683792097725e-10,0.23529407119161266,3.7314536889919063e-10,0.0,0.0,0.0,0.0,0.0,0.0,0.0,0.0,0.0,0.0,0.0,0.0,0.0,0.0,0.0,0.0,0.0,0.0,0.0,0.0,0.0,0.0,0.0,0.0,0.0,0.0,0.0,0.0,0.0,0.0,0.0,0.0,0.0,0.0,0.0,0.0,0.0,0.0,0.0,0.0,0.0,0.0,0.0,0.0,0.0,0.0,0.0,0.0,0.0,0.0,0.0,0.0,0.0,0.0,0.0,0.0,0.0,0.0,0.0,0.0,0.0,0.0,0.0,0.0,0.0,0.0,0.0,0.0,0.0,0.0,0.0,0.0,0.0,0.0,0.0,0.0,0.0,0.0,0.0,0.0,0.0,0.0,0.0,0.0,0.0,0.0,0.0,0.0,0.0,2.71720722898542e-09,5.093935459696063e-09,2.618562968475795e-08,1.1823645713873588e-06,1.868248364553201e-09,1.2306613142423929e-05,3.0037182982287455e-11,5.527656515895542e-10,1.6772919849925644e-09,0.0,0.0,0.0,0.0,0.0,0.0,0.0,0.0,0.0,0.001697527172757145,0.0,3.962572110390427e-09,1.9964537488239494e-09,0.0007652034356165652,5.459488945109829e-06,7.484576770381645e-07,1.8793736844826063e-12,0.000902150167713408,1.43069120029012e-12,0.0,0.0,0.0,0.0,0.0,0.0,0.0,0.0,0.0,0.0,0.0,0.0,0.0,0.0,0.0,0.0,0.0,0.0,0.0,0.0,0.0,0.0,0.0,0.0,0.0,0.0,0.0,0.0,0.0,0.0,0.0,0.0,0.0,0.0,0.0,0.0,0.0,0.0,0.0,0.0,0.0,0.0,0.0,0.0,0.0,0.0,0.0,0.0,0.0,0.0,0.0,0.0,0.0,0.0,0.0,0.0,0.0,0.0,0.0,0.0,0.0,0.0,0.0,0.0,0.0,0.0,0.0,0.0,0.0,0.0,0.0,0.0,0.0,0.0,0.0,0.0,0.0,0.0,0.0,0.0,0.0,0.0,0.0,0.0,0.0,0.0,0.0,0.0,0.0,1.041815012561625e-11,1.9530856455554667e-11,1.0039934322249927e-10,4.533350079640754e-09,7.163123859758503e-12,4.7185265035345696e-08,1.1516673381472616e-13,2.119380325915718e-12,6.430970563357424e-12,0.0,0.0,0.0,0.0,0.0,0.0,0.0,0.0,0.0
1.9000000000000012,2097.050906390864,0.43748311820075747,0.0,7.637291656738572e-07,3.640005357213186e-07,0.20887474221013733,0.0013052771763082322,0.00016399908625772558,3.831866842512147e-10,0.23253146349035003,2.652148596551303e-10,0.0,0.0,0.0,0.0,0.0,0.0,0.0,0.0,0.0,0.0,0.0,0.0,0.0,0.0,0.0,0.0,0.0,0.0,0.0,0.0,0.0,0.0,0.0,0.0,0.0,0.0,0.0,0.0,0.0,0.0,0.0,0.0,0.0,0.0,0.0,0.0,0.0,0.0,0.0,0.0,0.0,0.0,0.0,0.0,0.0,0.0,0.0,0.0,0.0,0.0,0.0,0.0,0.0,0.0,0.0,0.0,0.0,0.0,0.0,0.0,0.0,0.0,0.0,0.0,0.0,0.0,0.0,0.0,0.0,0.0,0.0,0.0,0.0,0.0,0.0,0.0,0.0,0.0,0.0,0.0,0.0,0.0,0.0,0.0,0.0,0.0,0.0,0.0,0.0,2.140374995712591e-09,4.35547183051341e-09,2.485619358260783e-08,1.2905509897704294e-06,1.672813432419634e-09,9.783947195049877e-06,2.049801774648775e-11,4.369642259103619e-10,1.3534163147723554e-09,0.0,0.0,0.0,0.0,0.0,0.0,0.0,0.0,0.0,0.0017636401247430162,0.0,3.078846577117091e-09,1.4674073661774516e-09,0.0008420436379858361,5.2620069352986545e-06,6.611349259255035e-07,1.5447531196024953e-12,0.0009374117587975287,1.069169411818533e-12,0.0,0.0,0.0,0.0,0.0,0.0,0.0,0.0,0.0,0.0,0.0,0.0,0.0,0.0,0.0,0.0,0.0,0.0,0.0,0.0,0.0,0.0,0.0,0.0,0.0,0.0,0.0,0.0,0.0,0.0,0.0,0.0,0.0,0.0,0.0,0.0,0.0,0.0,0.0,0.0,0.0,0.0,0.0,0.0,0.0,0.0,0.0,0.0,0.0,0.0,0.0,0.0,0.0,0.0,0.0,0.0,0.0,0.0,0.0,0.0,0.0,0.0,0.0,0.0,0.0,0.0,0.0,0.0,0.0,0.0,0.0,0.0,0.0,0.0,0.0,0.0,0.0,0.0,0.0,0.0,0.0,0.0,0.0,0.0,0.0,0.0,0.0,0.0,0.0,8.628564320291046e-12,1.7558357255188282e-11,1.0020359306882233e-10,5.202640773766854e-09,6.743667967713131e-12,3.9442349050000155e-08,8.263433506663074e-14,1.7615482971402514e-12,5.456071832057226e-12,0.0,0.0,0.0,0.0,0.0,0.0,0.0,0.0,0.0
1.9500000000000013,2079.44153915799,0.4323186352706109,0.0,5.661079092467066e-07,2.560293459915914e-07,0.21793962288912358,0.001194689548859485,0.00013799181547496055,3.0052154942015357e-10,0.22981230283947393,1.8938701117039183e-10,0.0,0.0,0.0,0.0,0.0,0.0,0.0,0.0,0.0,0.0,0.0,0.0,0.0,0.0,0.0,0.0,0.0,0.0,0.0,0.0,0.0,0.0,0.0,0.0,0.0,0.0,0.0,0.0,0.0,0.0,0.0,0.0,0.0,0.0,0.0,0.0,0.0,0.0,0.0,0.0,0.0,0.0,0.0,0.0,0.0,0.0,0.0,0.0,0.0,0.0,0.0,0.0,0.0,0.0,0.0,0.0,0.0,0.0,0.0,0.0,0.0,0.0,0.0,0.0,0.0,0.0,0.0,0.0,0.0,0.0,0.0,0.0,0.0,0.0,0.0,0.0,0.0,0.0,0.0,0.0,0.0,0.0,0.0,0.0,0.0,0.0,0.0,0.0,0.0,1.686053823178742e-09,3.718591634117082e-09,2.3524854017048772e-08,1.4024243467977987e-06,1.495750712653087e-09,7.802691596961407e-06,1.4076279169364772e-11,3.4655034877738804e-10,1.093941036402012e-09,0.0,0.0,0.0,0.0,0.0,0.0,0.0,0.0,0.0,0.0018568640337891307,0.0,2.431506139599481e-09,1.0996789066674134e-09,0.0009360786564915628,5.13134497066576e-06,5.926925610142384e-07,1.2907786317115204e-12,0.0009870733409346579,8.134415239560444e-13,0.0,0.0,0.0,0.0,0.0,0.0,0.0,0.0,0.0,0.0,0.0,0.0,0.0,0.0,0.0,0.0,0.0,0.0,0.0,0.0,0.0,0.0,0.0,0.0,0.0,0.0,0.0,0.0,0.0,0.0,0.0,0.0,0.0,0.0,0.0,0.0,0.0,0.0,0.0,0.0,0.0,0.0,0.0,0.0,0.0,0.0,0.0,0.0,0.0,0.0,0.0,0.0,0.0,0.0,0.0,0.0,0.0,0.0,0.0,0.0,0.0,0.0,0.0,0.0,0.0,0.0,0.0,0.0,0.0,0.0,0.0,0.0,0.0,0.0,0.0,0.0,0.0,0.0,0.0,0.0,0.0,0.0,0.0,0.0,0.0,0.0,0.0,0.0,0.0,7.241817603663213e-12,1.5971828411745593e-11,1.0104226781030426e-10,6.023592594034173e-09,6.424441315379676e-12,3.3513562014454906e-08,6.045942595743894e-14,1.4884782335143495e-12,4.698617176912853e-12,0.0,0.0,0.0,0.0,0.0,0.0,0.0,0.0,0.0
2.0000000000000013,2062.1314142691667,0.42726046772247683,0.0,4.2081914707919494e-07,1.811022523445585e-07,0.22678512001319168,0.0010920408499006538,0.00011627843168788222,2.363959285059171e-10,0.22714497385266919,1.3582308975295283e-10,0.0,0.0,0.0,0.0,0.0,0.0,0.0,0.0,0.0,0.0,0.0,0.0,0.0,0.0,0.0,0.0,0.0,0.0,0.0,0.0,0.0,0.0,0.0,0.0,0.0,0.0,0.0,0.0,0.0,0.0,0.0,0.0,0.0,0.0,0.0,0.0,0.0,0.0,0.0,0.0,0.0,0.0,0.0,0.0,0.0,0.0,0.0,0.0,0.0,0.0,0.0,0.0,0.0,0.0,0.0,0.0,0.0,0.0,0.0,0.0,0.0,0.0,0.0,0.0,0.0,0.0,0.0,0.0,0.0,0.0,0.0,0.0,0.0,0.0,0.0,0.0,0.0,0.0,0.0,0.0,0.0,0.0,0.0,0.0,0.0,0.0,0.0,0.0,0.0,1.3283392314742564e-09,3.1709329800567847e-09,2.2207687059985817e-08,1.5180407569506443e-06,1.3358788544509408e-09,6.240608749697913e-06,9.722039964836904e-12,2.756756562179291e-10,8.856501136524202e-10,0.0,0.0,0.0,0.0,0.0,0.0,0.0,0.0,0.0,0.001959363965180786,0.0,1.9298248607934622e-09,8.30512659288402e-10,0.001040008672839999,5.007965050467917e-06,5.332385890776083e-07,1.0840826587586571e-12,0.001041658918296967,6.228679875768835e-13,0.0,0.0,0.0,0.0,0.0,0.0,0.0,0.0,0.0,0.0,0.0,0.0,0.0,0.0,0.0,0.0,0.0,0.0,0.0,0.0,0.0,0.0,0.0,0.0,0.0,0.0,0.0,0.0,0.0,0.0,0.0,0.0,0.0,0.0,0.0,0.0,0.0,0.0,0.0,0.0,0.0,0.0,0.0,0.0,0.0,0.0,0.0,0.0,0.0,0.0,0.0,0.0,0.0,0.0,0.0,0.0,0.0,0.0,0.0,0.0,0.0,0.0,0.0,0.0,0.0,0.0,0.0,0.0,0.0,0.0,0.0,0.0,0.0,0.0,0.0,0.0,0.0,0.0,0.0,0.0,0.0,0.0,0.0,0.0,0.0,0.0,0.0,0.0,0.0,6.091600370990175e-12,1.4541508720070047e-11,1.0184172199992013e-10,6.961548239414504e-09,6.126176154821272e-12,2.8618664324667138e-08,4.458407976915368e-14,1.2642146598569071e-12,4.06148251369949e-12,0.0,0.0,0.0,0.0,0.0,0.0,0.0,0.0,0.0
